Property_ID,Price_Lakhs
2501,130.41347144396315
2502,160.09454871039821
2503,178.71557842696294
2504,36.87914652333063
2505,265.65655573680675
2506,193.40146020163502
2507,140.34995191160402
2508,326.56933613846286
2509,167.07849208251366
2510,159.71908495762221
2511,303.3893159372545
2512,317.38170207955795
2513,198.1051854666611
2514,123.39046343076012
2515,128.05067824278694
2516,300.3410177650251
2517,330.01080289944997
2518,363.0850370134117
2519,186.69367767056775
2520,600.8040368671238
2521,124.26025124040369
2522,241.38285402186602
2523,276.42482720728634
2524,421.9870927676811
2525,317.2272520664172
2526,2.709934296803965
2527,235.0409323292985
2528,206.2752843736564
2529,52.24244770991044
2530,333.3669642340543
2531,252.1103169174405
2532,92.20651819185662
2533,27.505585256522295
2534,56.63017868622214
2535,48.94977097118348
2536,413.4120944746311
2537,26.80097857643372
2538,70.51742293929345
2539,429.87368679131487
2540,292.3625201725515
2541,275.8465376910425
2542,175.38670493995275
2543,325.25123009467643
2544,333.1728669691057
2545,120.37724545174206
2546,247.10738175887352
2547,139.38233230104169
2548,91.03809737838884
2549,159.02128905606503
2550,380.7989138240771
2551,99.58964756167256
2552,188.60225695516021
2553,415.1850383524269
2554,176.8876185565266
2555,38.93811644691951
2556,612.6767497396763
2557,163.84665185209545
2558,136.88682400170916
2559,93.01018340729286
2560,432.7687507707932
2561,229.77378819917334
2562,307.4543391865431
2563,141.3199300919983
2564,346.85552579862735
2565,353.1428307326533
2566,192.8045764343521
2567,220.6010769074183
2568,377.28352496513355
2569,23.188848327754044
2570,196.6906820638084
2571,212.7232233013104
2572,311.59222081795826
2573,309.5969196796896
2574,140.42286940169112
2575,281.89560353706963
2576,642.4089820606516
2577,78.50832328309446
2578,95.68934121435709
2579,304.1064220160574
2580,223.32910087785214
2581,284.5296484223507
2582,284.9087618761762
2583,384.6189299032469
2584,131.4336196403444
2585,283.1773058827789
2586,158.34537830310552
2587,255.6714846341702
2588,296.1954034991191
2589,362.04263551407126
2590,388.45374918628204
2591,357.14772110267313
2592,256.94150215037183
2593,262.5458579587419
2594,304.07756058677194
2595,178.7501140767303
2596,328.45758641443706
2597,138.93824523792614
2598,165.60515315062375
2599,456.30938532830487
2600,226.17145293516262
2601,247.99008251728094
2602,272.5934049175182
2603,169.3085075090481
2604,229.11416633679562
2605,364.2124191066815
2606,96.57583788244946
2607,109.34729213510562
2608,595.1781204008502
2609,359.1762124466272
2610,222.68417571532592
2611,311.9968385365058
2612,86.64735680364893
2613,139.40862302784598
2614,23.818629230119882
2615,111.18377863351976
2616,198.18729286507147
2617,318.4909120375837
2618,179.7131329668999
2619,204.83783970399895
2620,595.9817530087469
2621,350.1332165610696
2622,286.70333596401974
2623,131.47209421222988
2624,-0.45000347128853946
2625,315.2670789944559
2626,126.44071589059091
2627,144.7228212273907
2628,225.43657980105482
2629,106.0785754813055
2630,115.33418890029382
2631,66.10624284281863
2632,243.96286652533644
2633,347.3256931872602
2634,394.0679521024715
2635,240.9868935755019
2636,180.06729205153943
2637,353.1391168660882
2638,380.05608037923434
2639,82.1593943910384
2640,308.35237460509995
2641,193.12074289645565
2642,333.7137652616528
2643,302.61757501732933
2644,251.21365585504225
2645,69.66987432894376
2646,165.39601512501378
2647,228.5728320908512
2648,327.5482927080605
2649,148.24213240374405
2650,354.0206996779367
2651,430.1873731216082
2652,31.76765303352451
2653,115.4363236221954
2654,219.10204654221965
2655,544.6260392035306
2656,387.94226673728247
2657,6.839820373982718
2658,175.47258543356534
2659,22.36778942595788
2660,127.42558492722632
2661,225.22503592409294
2662,220.52085132848163
2663,21.396525254087578
2664,76.81957966347636
2665,171.64857125670034
2666,284.08684559221297
2667,411.5592100589249
2668,400.0495025666951
2669,211.5696891828753
2670,232.00137106591833
2671,256.0530019057512
2672,213.4176191619985
2673,105.63445837879453
2674,156.33870094689166
2675,319.28424479353686
2676,230.5593292277338
2677,204.08202788077995
2678,39.15548239067738
2679,246.4825359953854
2680,273.46138709195776
2681,235.78690552196275
2682,416.6813977861136
2683,184.38801866949404
2684,354.02491325936853
2685,258.2591972818691
2686,385.718578761545
2687,5.2958580166845195
2688,115.28831295716378
2689,574.8348149618466
2690,221.93487556291947
2691,245.0748707597046
2692,117.8963732661409
2693,507.666110615285
2694,38.301928582074055
2695,157.13096563923295
2696,269.9394030409403
2697,352.17345122178114
2698,52.285518797992694
2699,196.17823200486362
2700,212.8655979467582
2701,364.4140850872888
2702,223.15558462780015
2703,139.2275416293551
2704,85.6167339680315
2705,220.3087672881539
2706,194.92481204233928
2707,108.72411690118196
2708,124.21012878522401
2709,71.02324631193062
2710,112.36765816752384
2711,185.42152265104232
2712,580.2359092434034
2713,346.64509725192374
2714,192.76719637024758
2715,215.65117061003556
2716,237.51838862586106
2717,121.3363164788559
2718,3.0636759168128265
2719,55.99145499550437
2720,403.1794551988021
2721,49.713222389835096
2722,105.13927262027963
2723,156.06858494772712
2724,93.52115225251632
2725,302.158407859569
2726,139.7590104491848
2727,86.84688596731303
2728,336.6358223315196
2729,273.2512948839325
2730,135.6328818350268
2731,326.1443950712129
2732,26.646245667514705
2733,451.7521719302888
2734,312.5881357024684
2735,267.83252522490227
2736,62.130976511791005
2737,71.58991236047336
2738,193.1729671170865
2739,243.87694354962838
2740,55.52136253313972
2741,184.4689455010964
2742,109.63403542948106
2743,85.47651494210783
2744,264.193085689615
2745,558.5679198103635
2746,309.714408044063
2747,270.39786682471964
2748,89.5941249786768
2749,355.696932008806
2750,62.878026628075474
2751,269.12566942937514
2752,183.61538325015252
2753,317.1064963216217
2754,194.57972542647508
2755,104.01615101599808
2756,359.7892891155738
2757,89.41246423631557
2758,355.73416048859394
2759,273.6429763015353
2760,178.89588193021743
2761,372.92045512966536
2762,544.4220243031489
2763,94.70191423662948
2764,175.2416600725532
2765,323.8039207112009
2766,324.86565184645445
2767,282.3903313836688
2768,74.24550645239128
2769,354.5144195514488
2770,32.620218049047025
2771,271.46579673262056
2772,193.61634214183437
2773,209.4856164977325
2774,193.1864250545367
2775,113.06632356936407
2776,596.2361210879526
2777,147.91355631723155
2778,363.4585518965867
2779,211.03563587559813
2780,290.9494268146473
2781,335.6679543205581
2782,72.2764481921584
2783,91.16049195341742
2784,297.64838685479253
2785,141.4248578491174
2786,326.24685589998944
2787,320.47842572475105
2788,182.55992909870662
2789,244.48825090194504
2790,289.2212812112914
2791,113.90680960901855
2792,301.98181825684765
2793,305.99144978829736
2794,190.60557529763852
2795,606.9158139498841
2796,58.36332445913945
2797,305.502877669555
2798,102.46493387809016
2799,145.25167114971248
2800,33.16734675436018
2801,256.3369292514121
2802,341.04894968251494
2803,159.88569589301815
2804,283.872834782682
2805,286.34231316856574
2806,110.49655984696554
2807,64.04542032636598
2808,200.75549003849642
2809,164.97469265952464
2810,289.44055345695807
2811,220.91765397796098
2812,83.37152658130643
2813,448.39761020635785
2814,143.4312360377591
2815,360.1841800426253
2816,609.6529268873509
2817,334.0582307117892
2818,477.4711669690264
2819,166.58592375507587
2820,66.02817453520692
2821,243.29787185263592
2822,5.859660236740751
2823,118.93168937497659
2824,209.2343266466199
2825,228.08423796022734
2826,315.7546533624387
2827,56.89856307288852
2828,185.6366136528245
2829,307.252474445417
2830,172.7000307288851
2831,199.1956000528077
2832,139.85828994989626
2833,28.617580684632316
2834,439.10429094313594
2835,92.0261934483762
2836,428.29827302639853
2837,239.81588705744116
2838,194.7997129633183
2839,155.82197630495168
2840,134.00685343419627
2841,12.213698652099708
2842,40.79759077640517
2843,287.53595673351066
2844,10.830873293481261
2845,251.37740588883332
2846,560.4168691933901
2847,85.72726187148345
2848,149.29471427904338
2849,469.3359427553131
2850,180.3815319844855
2851,343.8698962443548
2852,427.1282792063745
2853,11.17006473082705
2854,276.17944616406066
2855,159.61963451846262
2856,126.59714350644884
2857,305.84998825188336
2858,313.62931862864724
2859,228.33015106998135
2860,87.44721774824498
2861,216.06453697762606
2862,175.52262492980503
2863,83.16613034442122
2864,257.7016402780065
2865,315.22139155924094
2866,299.8595043402057
2867,456.9855680446769
2868,392.7995651655577
2869,185.90906397315752
2870,275.23320404089554
2871,314.42952415438504
2872,292.7473762366177
2873,8.380850002263003
2874,277.1446067054754
2875,385.6147282560409
2876,129.32849392616612
2877,563.862665278128
2878,228.04836237172032
2879,153.78676661596643
2880,609.6491552240502
2881,296.52259722514674
2882,221.0150192858023
2883,269.12088419217116
2884,218.58036329060255
2885,351.23315392862844
2886,289.5787368190097
2887,328.80096096689823
2888,149.00173637271092
2889,145.94664253876692
2890,266.16182663853556
2891,41.34155345732205
2892,205.84844327577207
2893,208.5347029222765
2894,178.53565662128054
2895,95.44336532098731
2896,83.71614660123353
2897,123.07263155953214
2898,265.7905977797796
2899,474.0741950697246
2900,470.5449833593435
2901,219.65858053989047
2902,297.93657531077105
2903,150.430437667545
2904,280.63870847866207
2905,335.66350536337393
2906,344.99066475394113
2907,319.0425479748991
2908,236.0915996599045
2909,309.4305519745901
2910,54.09303188288368
2911,84.08994647140796
2912,128.2835047949127
2913,200.8459664341683
2914,529.0107957769692
2915,346.6966139988362
2916,388.9266611083066
2917,419.21516503123166
2918,152.0848457329446
2919,183.90428745858375
2920,619.8101028678782
2921,315.3513289725411
2922,263.3659764181844
2923,225.77949416632313
2924,235.25535530697917
2925,48.68847498859401
2926,498.54679976926496
2927,111.42459168993148
2928,-1.05314599072031
2929,312.708287176724
2930,179.74958351622413
2931,506.5739532873241
2932,173.93086287423955
2933,36.03953727321769
2934,307.732469254138
2935,172.9203804627858
2936,264.81573560178316
2937,369.9444106860591
2938,296.847662706937
2939,388.2769322458242
2940,84.79819041871784
2941,370.0723349537891
2942,9.990422102427829
2943,312.3923795840048
2944,245.10299624173268
2945,259.067340178242
2946,68.08595446267427
2947,322.5774091721018
2948,312.2076579619505
2949,120.20954420890577
2950,421.3031611155269
2951,76.59332917533735
2952,340.28949814268776
2953,557.2297243627952
2954,245.7458612515292
2955,70.2670782813826
2956,218.01774249963634
2957,201.47354196700854
2958,358.8469753604659
2959,142.67545262293262
2960,252.4556398422551
2961,366.2530918129299
2962,416.60400245027034
2963,91.15738771124825
2964,243.06707787427064
2965,55.349922069722766
2966,178.48042332591484
2967,410.8795963377979
2968,338.84403919785115
2969,357.6208895500495
2970,49.18876144668613
2971,65.06434547384379
2972,16.08114366045305
2973,282.3964052924098
2974,310.28140766450923
2975,277.5724328039147
2976,197.38942511534785
2977,323.9665347088999
2978,71.46612941182201
2979,171.1594591392473
2980,116.33239282170143
2981,316.0716756469987
2982,21.515007232308534
2983,28.549526073816253
2984,156.39407352264038
2985,241.20151359747487
2986,648.8632712372155
2987,206.60431463330573
2988,137.15151213452822
2989,18.755679510939473
2990,252.7510488693868
2991,376.12443507073357
2992,100.9185696318091
2993,145.8738002872368
2994,28.76243601792541
2995,168.29568553786558
2996,264.62320408148906
2997,316.99539963079076
2998,267.80229619903525
2999,129.76481578838118
3000,42.30743204424607
